{"version": {"json_export": "187", "page_segmentation": "5", "schema": "1.1.0", "structure": "1.1036.0", "table_structure": "5"}, "extended_metadata": {"ID_instance": "00 C7 4D A8 3E B7 B2 11 0A 00 67 45 8B 6B C6 23 ", "ID_permanent": "35 33 20 30 43 20 33 35 20 41 38 20 33 45 20 42 37 20 42 32 20 31 31 20 30 41 20 30 30 20 36 37 20 34 35 20 38 42 20 36 42 20 43 36 20 32 33 20 ", "pdf_version": "1.6", "pdfa_compliance_level": "", "is_encrypted": false, "has_acroform": false, "is_digitally_signed": false, "pdfua_compliance_level": "", "page_count": 2, "has_embedded_files": false, "is_certified": false, "is_XFA": false, "language": "en-US"}, "elements": [{"Bounds": [76.72799682617188, 734.4232025146484, 171.43968200683594, 743.8782348632812], "ClipBounds": [76.72799682617188, 734.4232025146484, 171.43968200683594, 743.8782348632812], "Font": {"alt_family_name": "Arial", "embedded": true, "encoding": "WinAnsiEncoding", "family_name": "Arial", "font_type": "TrueType", "italic": false, "monospaced": false, "name": "SUOLYD+Arial-BoldMT", "subset": true, "weight": 700}, "HasClip": true, "Page": 0, "Path": "//Document/Sect/P/Sub", "Text": "NearBy Electronics ", "TextSize": 10.080001831054688, "attributes": {"Placement": "Block"}}, {"Bounds": [76.72799682617188, 721.1031951904297, 214.52447509765625, 730.5582427978516], "ClipBounds": [76.72799682617188, 721.1031951904297, 214.52447509765625, 730.5582427978516], "Font": {"alt_family_name": "Arial", "embedded": true, "encoding": "WinAnsiEncoding", "family_name": "Arial MT", "font_type": "TrueType", "italic": false, "monospaced": false, "name": "CWMTIJ+ArialMT", "subset": true, "weight": 400}, "HasClip": true, "Page": 0, "Path": "//Document/Sect/P/Sub[2]", "Text": "3741 Glory Road, Jamestown, ", "TextSize": 10.080001831054688, "attributes": {"Placement": "Block"}}, {"Bounds": [76.72799682617188, 708.1132049560547, 155.30166625976562, 717.5682373046875], "ClipBounds": [76.72799682617188, 708.1132049560547, 155.30166625976562, 717.5682373046875], "Font": {"alt_family_name": "Arial", "embedded": true, "encoding": "WinAnsiEncoding", "family_name": "Arial MT", "font_type": "TrueType", "italic": false, "monospaced": false, "name": "CWMTIJ+ArialMT", "subset": true, "weight": 400}, "HasClip": true, "Page": 0, "Path": "//Document/Sect/P/Sub[3]", "Text": "Tennessee, USA ", "TextSize": 10.080001831054688, "attributes": {"Placement": "Block"}}, {"Bounds": [76.72799682617188, 694.7931976318359, 107.43167114257812, 704.2482452392578], "ClipBounds": [76.72799682617188, 694.7931976318359, 107.43167114257812, 704.2482452392578], "Font": {"alt_family_name": "Arial", "embedded": true, "encoding": "WinAnsiEncoding", "family_name": "Arial MT", "font_type": "TrueType", "italic": false, "monospaced": false, "name": "CWMTIJ+ArialMT", "subset": true, "weight": 400}, "HasClip": true, "Page": 0, "Path": "//Document/Sect/P/Sub[4]", "Text": "38556 ", "TextSize": 10.080001831054688, "attributes": {"Placement": "Block"}}, {"Bounds": [338.25999450683594, 708.1132049560547, 543.2117614746094, 730.5582427978516], "ClipBounds": [338.25999450683594, 708.1132049560547, 543.2117614746094, 730.5582427978516], "Font": {"alt_family_name": "Arial", "embedded": true, "encoding": "WinAnsiEncoding", "family_name": "Arial", "font_type": "TrueType", "italic": false, "monospaced": false, "name": "SUOLYD+Arial-BoldMT", "subset": true, "weight": 700}, "HasClip": true, "Lang": "en", "Page": 0, "Path": "//Document/Sect/P[2]", "Text": "Invoice# HU09591267295510040401720839 Issue date ", "TextSize": 10.080001831054688, "attributes": {"LineHeight": 13, "TextAlign": "End"}}, {"Bounds": [489.1699981689453, 694.7931976318359, 543.3080749511719, 704.2482452392578], "ClipBounds": [489.1699981689453, 694.7931976318359, 543.3080749511719, 704.2482452392578], "Font": {"alt_family_name": "Arial", "embedded": true, "encoding": "WinAnsiEncoding", "family_name": "Arial MT", "font_type": "TrueType", "italic": false, "monospaced": false, "name": "CWMTIJ+ArialMT", "subset": true, "weight": 400}, "HasClip": true, "Lang": "en", "Page": 0, "Path": "//Document/Sect/P[3]", "Text": "12-05-2023 ", "TextSize": 10.080001831054688, "attributes": {"LineHeight": 12.125, "TextAlign": "End"}}, {"Bounds": [76.72799682617188, 649.9085540771484, 295.7052459716797, 673.2309875488281], "ClipBounds": [76.72799682617188, 649.9085540771484, 295.7052459716797, 673.2309875488281], "Font": {"alt_family_name": "Arial", "embedded": true, "encoding": "WinAnsiEncoding", "family_name": "Arial MT", "font_type": "TrueType", "italic": false, "monospaced": false, "name": "CWMTIJ+ArialMT", "subset": true, "weight": 400}, "HasClip": true, "Lang": "en", "Page": 0, "Path": "//Document/Sect/Title", "Text": "NearBy Electronics ", "TextSize": 24.863998413085938, "attributes": {"LineHeight": 29.875, "SpaceAfter": 7}}, {"Bounds": [76.72799682617188, 633.9331970214844, 460.8868713378906, 643.3882446289062], "ClipBounds": [76.72799682617188, 633.9331970214844, 460.8868713378906, 643.3882446289062], "Font": {"alt_family_name": "Arial", "embedded": true, "encoding": "WinAnsiEncoding", "family_name": "Arial MT", "font_type": "TrueType", "italic": false, "monospaced": false, "name": "CWMTIJ+ArialMT", "subset": true, "weight": 400}, "HasClip": true, "Lang": "en", "Page": 0, "Path": "//Document/Sect/P[4]", "Text": "We are here to serve you better. Reach out to us in case of any concern or feedbacks. ", "TextSize": 10.080001831054688, "attributes": {"LineHeight": 12.125, "SpaceAfter": 18}}, {"Bounds": [81.04800415039062, 501.7431945800781, 513.0480804443359, 590.438232421875], "ClipBounds": [81.04800415039062, 501.7431945800781, 513.0480804443359, 590.438232421875], "Page": 0, "Path": "//Document/Sect/Table", "attributes": {"BBox": [80.99669999999969, 503.89199999999255, 558.2169999999751, 588.7279999999737], "NumCol": 3, "NumRow": 6, "Placement": "Block", "SpaceAfter": 18}, "filePaths": ["tables/fileoutpart0.csv"]}, {"Bounds": [81.04800415039062, 567.6631927490234, 133.02047729492188, 590.438232421875], "ClipBounds": [81.04800415039062, 567.6631927490234, 133.02047729492188, 590.438232421875], "Page": 0, "Path": "//Document/Sect/Table/TR/TH", "attributes": {"BBox": [80.99669999999969, 565.9289999999746, 219.8309999999983, 588.7279999999737], "BlockAlign": "Before", "BorderColor": [null, [0, 0, 0], null, [0, 0, 0]], "BorderStyle": ["None", "Solid", "None", "Solid"], "BorderThickness": [0, 1, 0, 1], "ColIndex": 0, "Height": 22.75, "InlineAlign": "Start", "RowIndex": 0, "Width": 138.875}}, {"Bounds": [81.04800415039062, 580.9832000732422, 122.99087524414062, 590.438232421875], "ClipBounds": [81.04800415039062, 580.9832000732422, 122.99087524414062, 590.438232421875], "Font": {"alt_family_name": "Arial", "embedded": true, "encoding": "WinAnsiEncoding", "family_name": "Arial", "font_type": "TrueType", "italic": false, "monospaced": false, "name": "SUOLYD+Arial-BoldMT", "subset": true, "weight": 700}, "HasClip": true, "Lang": "en", "Page": 0, "Path": "//Document/Sect/Table/TR/TH/P", "Text": "BILL TO ", "TextSize": 10.080001831054688, "attributes": {"LineHeight": 12.125}}, {"Bounds": [81.04800415039062, 567.6631927490234, 133.02047729492188, 577.1182403564453], "ClipBounds": [81.04800415039062, 567.6631927490234, 133.02047729492188, 577.1182403564453], "Font": {"alt_family_name": "Arial", "embedded": true, "encoding": "WinAnsiEncoding", "family_name": "Arial MT", "font_type": "TrueType", "italic": false, "monospaced": false, "name": "CWMTIJ+ArialMT", "subset": true, "weight": 400}, "HasClip": true, "Lang": "en", "Page": 0, "Path": "//Document/Sect/Table/TR/TH/P[2]", "Text": "Don Zulauf ", "TextSize": 10.080001831054688, "attributes": {"LineHeight": 12.125}}, {"Bounds": [240.25999450683594, 567.6631927490234, 358.8209533691406, 590.438232421875], "ClipBounds": [240.25999450683594, 567.6631927490234, 358.8209533691406, 590.438232421875], "Page": 0, "Path": "//Document/Sect/Table/TR/TH[2]", "attributes": {"BBox": [219.8309999999983, 565.9289999999746, 383.2639999999956, 588.7279999999737], "BlockAlign": "Before", "BorderColor": [null, [0, 0, 0], [0, 0, 0], [0, 0, 0]], "BorderStyle": ["None", "Solid", "Solid", "Solid"], "BorderThickness": [0, 1, 1, 1], "ColIndex": 1, "Height": 22.75, "InlineAlign": "Start", "RowIndex": 0, "Width": 163.375}}, {"Bounds": [240.25999450683594, 580.9832000732422, 286.1240692138672, 590.438232421875], "ClipBounds": [240.25999450683594, 580.9832000732422, 286.1240692138672, 590.438232421875], "Font": {"alt_family_name": "Arial", "embedded": true, "encoding": "WinAnsiEncoding", "family_name": "Arial", "font_type": "TrueType", "italic": false, "monospaced": false, "name": "SUOLYD+Arial-BoldMT", "subset": true, "weight": 700}, "HasClip": true, "Lang": "en", "Page": 0, "Path": "//Document/Sect/Table/TR/TH[2]/P", "Text": "DETAILS ", "TextSize": 10.080001831054688, "attributes": {"LineHeight": 12.125}}, {"Bounds": [240.25999450683594, 567.6631927490234, 358.8209533691406, 577.1182403564453], "ClipBounds": [240.25999450683594, 567.6631927490234, 358.8209533691406, 577.1182403564453], "Font": {"alt_family_name": "Arial", "embedded": true, "encoding": "WinAnsiEncoding", "family_name": "Arial MT", "font_type": "TrueType", "italic": false, "monospaced": false, "name": "CWMTIJ+ArialMT", "subset": true, "weight": 400}, "HasClip": true, "Lang": "no", "Page": 0, "Path": "//Document/Sect/Table/TR/TH[2]/P[2]", "Text": "cillum pariatur ut quis quis ", "TextSize": 10.080001831054688, "attributes": {"LineHeight": 12.125}}, {"Bounds": [412.8000030517578, 567.6631927490234, 513.0480804443359, 590.438232421875], "ClipBounds": [412.8000030517578, 567.6631927490234, 513.0480804443359, 590.438232421875], "Page": 0, "Path": "//Document/Sect/Table/TR/TH[3]", "attributes": {"BBox": [383.2639999999956, 565.9289999999746, 558.2169999999751, 588.7279999999737], "BlockAlign": "Before", "BorderColor": [null, [0, 0, 0], [0, 0, 0], null], "BorderStyle": ["None", "Solid", "Solid", "None"], "BorderThickness": [0, 1, 1, 0], "ColIndex": 2, "Height": 22.75, "InlineAlign": "Start", "RowIndex": 0, "Width": 175}}, {"Bounds": [412.8000030517578, 580.9832000732422, 464.58103942871094, 590.438232421875], "ClipBounds": [412.8000030517578, 580.9832000732422, 464.58103942871094, 590.438232421875], "Font": {"alt_family_name": "Arial", "embedded": true, "encoding": "WinAnsiEncoding", "family_name": "Arial", "font_type": "TrueType", "italic": false, "monospaced": false, "name": "SUOLYD+Arial-BoldMT", "subset": true, "weight": 700}, "HasClip": true, "Lang": "en", "Page": 0, "Path": "//Document/Sect/Table/TR/TH[3]/P", "Text": "PAYMENT ", "TextSize": 10.080001831054688, "attributes": {"LineHeight": 12.125}}, {"Bounds": [412.8000030517578, 567.6631927490234, 513.0480804443359, 577.1182403564453], "ClipBounds": [412.8000030517578, 567.6631927490234, 513.0480804443359, 577.1182403564453], "Font": {"alt_family_name": "Arial", "embedded": true, "encoding": "WinAnsiEncoding", "family_name": "Arial MT", "font_type": "TrueType", "italic": false, "monospaced": false, "name": "CWMTIJ+ArialMT", "subset": true, "weight": 400}, "HasClip": true, "Lang": "en", "Page": 0, "Path": "//Document/Sect/Table/TR/TH[3]/P[2]", "Text": "Due date: 29-06-2023 ", "TextSize": 10.080001831054688, "attributes": {"LineHeight": 12.125}}, {"Bounds": [81.04800415039062, 554.6831970214844, 202.3607940673828, 564.1382446289062], "ClipBounds": [81.04800415039062, 554.6831970214844, 202.3607940673828, 564.1382446289062], "Page": 0, "Path": "//Document/Sect/Table/TR[2]/TD", "attributes": {"BBox": [80.99669999999969, 552.8499999999767, 219.8309999999983, 565.9289999999746], "BlockAlign": "Middle", "BorderColor": [[0, 0, 0], [0, 0, 0], null, [0, 0, 0]], "BorderStyle": ["Solid", "Solid", "None", "Solid"], "BorderThickness": [1, 1, 0, 1], "ColIndex": 0, "Height": 13.125, "InlineAlign": "Start", "RowIndex": 1, "Width": 138.875}}, {"Bounds": [81.04800415039062, 554.6831970214844, 202.3607940673828, 564.1382446289062], "ClipBounds": [81.04800415039062, 554.6831970214844, 202.3607940673828, 564.1382446289062], "Font": {"alt_family_name": "Arial", "embedded": true, "encoding": "WinAnsiEncoding", "family_name": "Arial MT", "font_type": "TrueType", "italic": false, "monospaced": false, "name": "CWMTIJ+ArialMT", "subset": true, "weight": 400}, "HasClip": true, "Lang": "en", "Page": 0, "Path": "//Document/Sect/Table/TR[2]/TD/P", "Text": "Don_Zulauf40@hotmail.co ", "TextSize": 10.080001831054688, "attributes": {"LineHeight": 12.125}}, {"Bounds": [240.25999450683594, 554.6831970214844, 355.504638671875, 564.1382446289062], "ClipBounds": [240.25999450683594, 554.6831970214844, 355.504638671875, 564.1382446289062], "Page": 0, "Path": "//Document/Sect/Table/TR[2]/TD[2]", "attributes": {"BBox": [219.8309999999983, 552.8499999999767, 383.2639999999956, 565.9289999999746], "BlockAlign": "Middle", "BorderColor": [0, 0, 0], "BorderStyle": "Solid", "BorderThickness": 1, "ColIndex": 1, "Height": 13.125, "InlineAlign": "Start", "RowIndex": 1, "Width": 163.375}}, {"Bounds": [240.25999450683594, 554.6831970214844, 355.504638671875, 564.1382446289062], "ClipBounds": [240.25999450683594, 554.6831970214844, 355.504638671875, 564.1382446289062], "Font": {"alt_family_name": "Arial", "embedded": true, "encoding": "WinAnsiEncoding", "family_name": "Arial MT", "font_type": "TrueType", "italic": false, "monospaced": false, "name": "CWMTIJ+ArialMT", "subset": true, "weight": 400}, "HasClip": true, "Lang": "en", "Page": 0, "Path": "//Document/Sect/Table/TR[2]/TD[2]/P", "Text": "amet est laborum esse ut ", "TextSize": 10.080001831054688, "attributes": {"LineHeight": 12.125}}, {"Path": "//Document/Sect/Table/TR[2]/TD[3]", "attributes": {"BBox": [383.2639999999956, 552.8499999999767, 558.2169999999751, 565.9289999999746], "BlockAlign": "Before", "BorderColor": [[0, 0, 0], [0, 0, 0], [0, 0, 0], null], "BorderStyle": ["Solid", "Solid", "Solid", "None"], "BorderThickness": [1, 1, 1, 0], "ColIndex": 2, "Height": 13.125, "InlineAlign": "Start", "RowIndex": 1, "Width": 175}}, {"Bounds": [81.04800415039062, 541.3632049560547, 92.24681091308594, 550.8182373046875], "ClipBounds": [81.04800415039062, 541.3632049560547, 92.24681091308594, 550.8182373046875], "Page": 0, "Path": "//Document/Sect/Table/TR[3]/TD", "attributes": {"BBox": [80.99669999999969, 536.5299999999988, 219.8309999999983, 552.8499999999767], "BlockAlign": "Middle", "BorderColor": [[0, 0, 0], [0, 0, 0], null, [0, 0, 0]], "BorderStyle": ["Solid", "Solid", "None", "Solid"], "BorderThickness": [1, 1, 0, 1], "ColIndex": 0, "Height": 16.375, "InlineAlign": "Start", "RowIndex": 2, "Width": 138.875}}, {"Bounds": [81.04800415039062, 541.3632049560547, 92.24681091308594, 550.8182373046875], "ClipBounds": [81.04800415039062, 541.3632049560547, 92.24681091308594, 550.8182373046875], "Font": {"alt_family_name": "Arial", "embedded": true, "encoding": "WinAnsiEncoding", "family_name": "Arial MT", "font_type": "TrueType", "italic": false, "monospaced": false, "name": "CWMTIJ+ArialMT", "subset": true, "weight": 400}, "HasClip": true, "Lang": "en", "Page": 0, "Path": "//Document/Sect/Table/TR[3]/TD/P", "Text": "m ", "TextSize": 10.080001831054688, "attributes": {"LineHeight": 12.125}}, {"Bounds": [240.25999450683594, 541.3632049560547, 272.8889617919922, 550.8182373046875], "ClipBounds": [240.25999450683594, 541.3632049560547, 272.8889617919922, 550.8182373046875], "Page": 0, "Path": "//Document/Sect/Table/TR[3]/TD[2]", "attributes": {"BBox": [219.8309999999983, 536.5299999999988, 383.2639999999956, 552.8499999999767], "BlockAlign": "Before", "BorderColor": [0, 0, 0], "BorderStyle": "Solid", "BorderThickness": 1, "ColIndex": 1, "Height": 16.375, "InlineAlign": "Start", "RowIndex": 2, "Width": 163.375}}, {"Bounds": [240.25999450683594, 541.3632049560547, 272.8889617919922, 550.8182373046875], "ClipBounds": [240.25999450683594, 541.3632049560547, 272.8889617919922, 550.8182373046875], "Font": {"alt_family_name": "Arial", "embedded": true, "encoding": "WinAnsiEncoding", "family_name": "Arial MT", "font_type": "TrueType", "italic": false, "monospaced": false, "name": "CWMTIJ+ArialMT", "subset": true, "weight": 400}, "HasClip": true, "Lang": "en", "Page": 0, "Path": "//Document/Sect/Table/TR[3]/TD[2]/P", "Text": "laboris ", "TextSize": 10.080001831054688, "attributes": {"LineHeight": 12.125}}, {"Bounds": [410.63999938964844, 535.3764038085938, 459.87107849121094, 545.844482421875], "ClipBounds": [410.63999938964844, 535.3764038085938, 459.87107849121094, 545.844482421875], "Page": 0, "Path": "//Document/Sect/Table/TR[3]/TD[3]", "attributes": {"BBox": [383.2639999999956, 536.5299999999988, 558.2169999999751, 552.8499999999767], "BlockAlign": "After", "BorderColor": [[0, 0, 0], [0, 0, 0], [0, 0, 0], null], "BorderStyle": ["Solid", "Solid", "Solid", "None"], "BorderThickness": [1, 1, 1, 0], "ColIndex": 2, "Height": 16.375, "InlineAlign": "Start", "RowIndex": 2, "Width": 175}}, {"Bounds": [410.63999938964844, 535.3764038085938, 459.87107849121094, 545.844482421875], "ClipBounds": [410.63999938964844, 535.3764038085938, 459.87107849121094, 545.844482421875], "Font": {"alt_family_name": "Arial", "embedded": true, "encoding": "WinAnsiEncoding", "family_name": "Arial", "font_type": "TrueType", "italic": false, "monospaced": false, "name": "SUOLYD+Arial-BoldMT", "subset": true, "weight": 700}, "HasClip": true, "Lang": "en", "Page": 0, "Path": "//Document/Sect/Table/TR[3]/TD[3]/P", "Text": "$28551.6 ", "TextSize": 11.160003662109375, "attributes": {"LineHeight": 13.375}}, {"Bounds": [81.04800415039062, 528.0431976318359, 146.34808349609375, 537.4982452392578], "ClipBounds": [81.04800415039062, 528.0431976318359, 146.34808349609375, 537.4982452392578], "Page": 0, "Path": "//Document/Sect/Table/TR[4]/TD", "attributes": {"BBox": [80.99669999999969, 526.2109999999811, 219.8309999999983, 536.5299999999988], "BlockAlign": "Before", "BorderColor": [[0, 0, 0], [0, 0, 0], null, [0, 0, 0]], "BorderStyle": ["Solid", "Solid", "None", "Solid"], "BorderThickness": [1, 1, 0, 1], "ColIndex": 0, "Height": 10.375, "InlineAlign": "Start", "RowIndex": 3, "Width": 138.875}}, {"Bounds": [81.04800415039062, 528.0431976318359, 146.34808349609375, 537.4982452392578], "ClipBounds": [81.04800415039062, 528.0431976318359, 146.34808349609375, 537.4982452392578], "Font": {"alt_family_name": "Arial", "embedded": true, "encoding": "WinAnsiEncoding", "family_name": "Arial MT", "font_type": "TrueType", "italic": false, "monospaced": false, "name": "CWMTIJ+ArialMT", "subset": true, "weight": 400}, "HasClip": true, "Lang": "en", "Page": 0, "Path": "//Document/Sect/Table/TR[4]/TD/P", "Text": "110-825-4839 ", "TextSize": 10.080001831054688, "attributes": {"LineHeight": 12.125}}, {"Path": "//Document/Sect/Table/TR[4]/TD[2]", "attributes": {"BBox": [219.8309999999983, 526.2109999999811, 383.2639999999956, 536.5299999999988], "BlockAlign": "Before", "BorderColor": [0, 0, 0], "BorderStyle": "Solid", "BorderThickness": 1, "ColIndex": 1, "Height": 10.375, "InlineAlign": "Start", "RowIndex": 3, "Width": 163.375}}, {"Path": "//Document/Sect/Table/TR[4]/TD[3]", "attributes": {"BBox": [383.2639999999956, 526.2109999999811, 558.2169999999751, 536.5299999999988], "BackgroundColor": [1, 1, 0.9921569999999917], "BlockAlign": "Before", "BorderColor": [[0, 0, 0], [0, 0, 0], [0, 0, 0], null], "BorderStyle": ["Solid", "Solid", "Solid", "None"], "BorderThickness": [1, 1, 1, 0], "ColIndex": 2, "Height": 10.375, "InlineAlign": "Start", "RowIndex": 3, "Width": 175}}, {"Bounds": [81.04800415039062, 514.7232055664062, 161.27464294433594, 524.1782379150391], "ClipBounds": [81.04800415039062, 514.7232055664062, 161.27464294433594, 524.1782379150391], "Page": 0, "Path": "//Document/Sect/Table/TR[5]/TD", "attributes": {"BBox": [80.99669999999969, 513.0109999999986, 219.8309999999983, 526.2109999999811], "BlockAlign": "Middle", "BorderColor": [[0, 0, 0], [0, 0, 0], null, [0, 0, 0]], "BorderStyle": ["Solid", "Solid", "None", "Solid"], "BorderThickness": [1, 1, 0, 1], "ColIndex": 0, "Height": 13.25, "InlineAlign": "Start", "RowIndex": 4, "Width": 138.875}}, {"Bounds": [81.04800415039062, 514.7232055664062, 161.27464294433594, 524.1782379150391], "ClipBounds": [81.04800415039062, 514.7232055664062, 161.27464294433594, 524.1782379150391], "Font": {"alt_family_name": "Arial", "embedded": true, "encoding": "WinAnsiEncoding", "family_name": "Arial MT", "font_type": "TrueType", "italic": false, "monospaced": false, "name": "CWMTIJ+ArialMT", "subset": true, "weight": 400}, "HasClip": true, "Lang": "en", "Page": 0, "Path": "//Document/Sect/Table/TR[5]/TD/P", "Text": "121 Jacobs River ", "TextSize": 10.080001831054688, "attributes": {"LineHeight": 12.125}}, {"Path": "//Document/Sect/Table/TR[5]/TD[2]", "attributes": {"BBox": [219.8309999999983, 513.0109999999986, 383.2639999999956, 526.2109999999811], "BlockAlign": "Before", "BorderColor": [0, 0, 0], "BorderStyle": "Solid", "BorderThickness": 1, "ColIndex": 1, "Height": 13.25, "InlineAlign": "Start", "RowIndex": 4, "Width": 163.375}}, {"Path": "//Document/Sect/Table/TR[5]/TD[3]", "attributes": {"BBox": [383.2639999999956, 513.0109999999986, 558.2169999999751, 526.2109999999811], "BlockAlign": "Before", "BorderColor": [[0, 0, 0], [0, 0, 0], [0, 0, 0], null], "BorderStyle": ["Solid", "Solid", "Solid", "None"], "BorderThickness": [1, 1, 1, 0], "ColIndex": 2, "Height": 13.25, "InlineAlign": "Start", "RowIndex": 4, "Width": 175}}, {"Bounds": [81.04800415039062, 501.7431945800781, 122.23239135742188, 511.1982421875], "ClipBounds": [81.04800415039062, 501.7431945800781, 122.23239135742188, 511.1982421875], "Page": 0, "Path": "//Document/Sect/Table/TR[6]/TD", "attributes": {"BBox": [80.99669999999969, 503.89199999999255, 219.8309999999983, 513.0109999999986], "BlockAlign": "After", "BorderColor": [[0, 0, 0], null, null, [0, 0, 0]], "BorderStyle": ["Solid", "None", "None", "Solid"], "BorderThickness": [1, 0, 0, 1], "ColIndex": 0, "Height": 9.125, "InlineAlign": "Start", "RowIndex": 5, "Width": 138.875}}, {"Bounds": [81.04800415039062, 501.7431945800781, 122.23239135742188, 511.1982421875], "ClipBounds": [81.04800415039062, 501.7431945800781, 122.23239135742188, 511.1982421875], "Font": {"alt_family_name": "Arial", "embedded": true, "encoding": "WinAnsiEncoding", "family_name": "Arial MT", "font_type": "TrueType", "italic": false, "monospaced": false, "name": "CWMTIJ+ArialMT", "subset": true, "weight": 400}, "HasClip": true, "Lang": "en", "Page": 0, "Path": "//Document/Sect/Table/TR[6]/TD/P", "Text": "Port-Vila ", "TextSize": 10.080001831054688, "attributes": {"LineHeight": 12.125}}, {"Path": "//Document/Sect/Table/TR[6]/TD[2]", "attributes": {"BBox": [219.8309999999983, 503.89199999999255, 383.2639999999956, 513.0109999999986], "BlockAlign": "Before", "BorderColor": [[0, 0, 0], null, [0, 0, 0], [0, 0, 0]], "BorderStyle": ["Solid", "None", "Solid", "Solid"], "BorderThickness": [1, 0, 1, 1], "ColIndex": 1, "Height": 9.125, "InlineAlign": "Start", "RowIndex": 5, "Width": 163.375}}, {"Path": "//Document/Sect/Table/TR[6]/TD[3]", "attributes": {"BBox": [383.2639999999956, 503.89199999999255, 558.2169999999751, 513.0109999999986], "BackgroundColor": [1, 1, 1], "BlockAlign": "Before", "BorderColor": [[0, 0, 0], null, [0, 0, 0], null], "BorderStyle": ["Solid", "None", "Solid", "None"], "BorderThickness": [1, 0, 1, 0], "ColIndex": 2, "Height": 9.125, "InlineAlign": "Start", "RowIndex": 5, "Width": 175}}, {"Bounds": [77.447998046875, 430.0731964111328, 530.1510314941406, 439.5282440185547], "ClipBounds": [77.447998046875, 430.0731964111328, 530.1510314941406, 439.5282440185547], "Page": 0, "Path": "//Document/Sect/Table[2]", "attributes": {"BBox": [71.99709999999686, 414.8549999999959, 540.9379999999946, 447.61399999998685], "NumCol": 4, "NumRow": 2, "Placement": "Block", "SpaceAfter": 18}, "filePaths": ["tables/fileoutpart1.csv"]}, {"Bounds": [77.447998046875, 430.0731964111328, 104.47239685058594, 439.5282440185547], "ClipBounds": [77.447998046875, 430.0731964111328, 104.47239685058594, 439.5282440185547], "Page": 0, "Path": "//Document/Sect/Table[2]/TR/TD", "attributes": {"BBox": [71.5170999999973, 423.8549999999959, 358.42499999998836, 447.61399999998685], "BlockAlign": "Middle", "BorderColor": [0, 0, 0], "BorderStyle": "Solid", "BorderThickness": [0.625, 0.25, 0.5, 0.25], "ColIndex": 0, "Height": 23.75, "InlineAlign": "Start", "RowIndex": 0, "Width": 286.875}}, {"Bounds": [77.447998046875, 430.0731964111328, 104.47239685058594, 439.5282440185547], "ClipBounds": [77.447998046875, 430.0731964111328, 104.47239685058594, 439.5282440185547], "Font": {"alt_family_name": "Arial", "embedded": true, "encoding": "WinAnsiEncoding", "family_name": "Arial", "font_type": "TrueType", "italic": false, "monospaced": false, "name": "SUOLYD+Arial-BoldMT", "subset": true, "weight": 700}, "HasClip": true, "Lang": "en", "Page": 0, "Path": "//Document/Sect/Table[2]/TR/TD/P", "Text": "ITEM ", "TextSize": 10.080001831054688, "attributes": {"LineHeight": 12.125}}, {"Bounds": [363.1000061035156, 430.0731964111328, 386.6570281982422, 439.5282440185547], "ClipBounds": [363.1000061035156, 430.0731964111328, 386.6570281982422, 439.5282440185547], "Page": 0, "Path": "//Document/Sect/Table[2]/TR/TD[2]", "attributes": {"BBox": [357.94499999999243, 423.8549999999959, 415.6629999999859, 447.61399999998685], "BlockAlign": "Middle", "BorderColor": [0, 0, 0], "BorderStyle": "Solid", "BorderThickness": [0.625, 0.25, 0.25, 0.25], "ColIndex": 1, "Height": 23.75, "InlineAlign": "Start", "RowIndex": 0, "Width": 57.75}}, {"Bounds": [363.1000061035156, 430.0731964111328, 386.6570281982422, 439.5282440185547], "ClipBounds": [363.1000061035156, 430.0731964111328, 386.6570281982422, 439.5282440185547], "Font": {"alt_family_name": "Arial", "embedded": true, "encoding": "WinAnsiEncoding", "family_name": "Arial", "font_type": "TrueType", "italic": false, "monospaced": false, "name": "SUOLYD+Arial-BoldMT", "subset": true, "weight": 700}, "HasClip": true, "Lang": "en", "Page": 0, "Path": "//Document/Sect/Table[2]/TR/TD[2]/P", "Text": "QTY ", "TextSize": 10.080001831054688, "attributes": {"LineHeight": 12.125}}, {"Bounds": [420.3800048828125, 430.0731964111328, 450.7712707519531, 439.5282440185547], "ClipBounds": [420.3800048828125, 430.0731964111328, 450.7712707519531, 439.5282440185547], "Page": 0, "Path": "//Document/Sect/Table[2]/TR/TD[3]", "attributes": {"BBox": [415.18299999999, 423.8549999999959, 478.6609999999928, 447.61399999998685], "BlockAlign": "Middle", "BorderColor": [0, 0, 0], "BorderStyle": "Solid", "BorderThickness": [0.625, 0.25, 0.25, 0.25], "ColIndex": 2, "Height": 23.75, "InlineAlign": "Start", "RowIndex": 0, "Width": 63.5}}, {"Bounds": [420.3800048828125, 430.0731964111328, 450.7712707519531, 439.5282440185547], "ClipBounds": [420.3800048828125, 430.0731964111328, 450.7712707519531, 439.5282440185547], "Font": {"alt_family_name": "Arial", "embedded": true, "encoding": "WinAnsiEncoding", "family_name": "Arial", "font_type": "TrueType", "italic": false, "monospaced": false, "name": "SUOLYD+Arial-BoldMT", "subset": true, "weight": 700}, "HasClip": true, "Lang": "en", "Page": 0, "Path": "//Document/Sect/Table[2]/TR/TD[3]/P", "Text": "RATE ", "TextSize": 10.080001831054688, "attributes": {"LineHeight": 12.125}}, {"Bounds": [483.4100036621094, 430.0731964111328, 530.1510314941406, 439.5282440185547], "ClipBounds": [483.4100036621094, 430.0731964111328, 530.1510314941406, 439.5282440185547], "Page": 0, "Path": "//Document/Sect/Table[2]/TR/TD[4]", "attributes": {"BBox": [478.18099999999686, 423.8549999999959, 541.417999999976, 447.61399999998685], "BlockAlign": "Middle", "BorderColor": [0, 0, 0], "BorderStyle": "Solid", "BorderThickness": [0.625, 0.25, 0.25, 0.5], "ColIndex": 3, "Height": 23.75, "InlineAlign": "Start", "RowIndex": 0, "Width": 63.25}}, {"Bounds": [483.4100036621094, 430.0731964111328, 530.1510314941406, 439.5282440185547], "ClipBounds": [483.4100036621094, 430.0731964111328, 530.1510314941406, 439.5282440185547], "Font": {"alt_family_name": "Arial", "embedded": true, "encoding": "WinAnsiEncoding", "family_name": "Arial", "font_type": "TrueType", "italic": false, "monospaced": false, "name": "SUOLYD+Arial-BoldMT", "subset": true, "weight": 700}, "HasClip": true, "Lang": "en", "Page": 0, "Path": "//Document/Sect/Table[2]/TR/TD[4]/P", "Text": "AMOUNT ", "TextSize": 10.080001831054688, "attributes": {"LineHeight": 12.125}}, {"Path": "//Document/Sect/Table[2]/TR[2]/TD", "attributes": {"BBox": [71.99709999999686, 414.0149999999994, 540.9379999999946, 424.4549999999872], "BlockAlign": "Before", "BorderColor": [[0, 0, 0], [0.6235349999999755, 0.6235349999999755, 0.6235349999999755], null, null], "BorderStyle": ["Solid", "Solid", "None", "None"], "BorderThickness": [0.25, 0.875, 0, 0], "ColIndex": 0, "ColSpan": 4, "Height": 10.5, "InlineAlign": "Start", "RowIndex": 1, "Width": 469}}, {"Bounds": [77.447998046875, 226.5832061767578, 517.7280731201172, 403.50823974609375], "ClipBounds": [77.447998046875, 226.5832061767578, 517.7280731201172, 403.50823974609375], "Page": 0, "Path": "//Document/Sect/Table[3]", "attributes": {"BBox": [71.5170999999973, 209.42399999999907, 540.9379999999946, 411.97499999999127], "NumCol": 4, "NumRow": 6, "Placement": "Block", "SpaceAfter": 18}, "filePaths": ["tables/fileoutpart2.csv"]}, {"Bounds": [77.447998046875, 394.05320739746094, 190.63632202148438, 403.50823974609375], "ClipBounds": [77.447998046875, 394.05320739746094, 190.63632202148438, 403.50823974609375], "Page": 0, "Path": "//Document/Sect/Table[3]/TR/TD", "attributes": {"BBox": [71.5170999999973, 377.05699999998615, 359.5049999999901, 411.97499999999127], "BlockAlign": "Before", "BorderColor": [0, 0, 0], "BorderStyle": "Solid", "BorderThickness": [0.625, 0.25, 0.5, 0.25], "ColIndex": 0, "Height": 34.875, "InlineAlign": "Start", "RowIndex": 0, "Width": 288}}, {"Bounds": [77.447998046875, 394.05320739746094, 190.63632202148438, 403.50823974609375], "ClipBounds": [77.447998046875, 394.05320739746094, 190.63632202148438, 403.50823974609375], "Font": {"alt_family_name": "Arial", "embedded": true, "encoding": "WinAnsiEncoding", "family_name": "Arial MT", "font_type": "TrueType", "italic": false, "monospaced": false, "name": "CWMTIJ+ArialMT", "subset": true, "weight": 400}, "HasClip": true, "Lang": "en", "Page": 0, "Path": "//Document/Sect/Table[3]/TR/TD/P", "Text": "Fantastic Rubber Gloves ", "TextSize": 10.080001831054688, "attributes": {"LineHeight": 12.125}}, {"Bounds": [363.82000732421875, 394.05320739746094, 378.3000030517578, 403.50823974609375], "ClipBounds": [363.82000732421875, 394.05320739746094, 378.3000030517578, 403.50823974609375], "Page": 0, "Path": "//Document/Sect/Table[3]/TR/TD[2]", "attributes": {"BBox": [359.0249999999942, 377.05699999998615, 415.6629999999859, 411.97499999999127], "BlockAlign": "Before", "BorderColor": [0, 0, 0], "BorderStyle": "Solid", "BorderThickness": [0.625, 0.25, 0.25, 0.25], "ColIndex": 1, "Height": 34.875, "InlineAlign": "Start", "RowIndex": 0, "Width": 56.625}}, {"Bounds": [363.82000732421875, 394.05320739746094, 378.3000030517578, 403.50823974609375], "ClipBounds": [363.82000732421875, 394.05320739746094, 378.3000030517578, 403.50823974609375], "Font": {"alt_family_name": "Arial", "embedded": true, "encoding": "WinAnsiEncoding", "family_name": "Arial MT", "font_type": "TrueType", "italic": false, "monospaced": false, "name": "CWMTIJ+ArialMT", "subset": true, "weight": 400}, "HasClip": true, "Lang": "en", "Page": 0, "Path": "//Document/Sect/Table[3]/TR/TD[2]/P", "Text": "58 ", "TextSize": 10.080001831054688, "attributes": {"LineHeight": 12.125}}, {"Bounds": [420.3800048828125, 394.05320739746094, 434.86000061035156, 403.50823974609375], "ClipBounds": [420.3800048828125, 394.05320739746094, 434.86000061035156, 403.50823974609375], "Page": 0, "Path": "//Document/Sect/Table[3]/TR/TD[3]", "attributes": {"BBox": [415.18299999999, 377.05699999998615, 482.25999999999476, 411.97499999999127], "BlockAlign": "Before", "BorderColor": [0, 0, 0], "BorderStyle": "Solid", "BorderThickness": [0.625, 0.25, 0.25, 0.25], "ColIndex": 2, "Height": 34.875, "InlineAlign": "Start", "RowIndex": 0, "Width": 67.125}}, {"Bounds": [420.3800048828125, 394.05320739746094, 434.86000061035156, 403.50823974609375], "ClipBounds": [420.3800048828125, 394.05320739746094, 434.86000061035156, 403.50823974609375], "Font": {"alt_family_name": "Arial", "embedded": true, "encoding": "WinAnsiEncoding", "family_name": "Arial MT", "font_type": "TrueType", "italic": false, "monospaced": false, "name": "CWMTIJ+ArialMT", "subset": true, "weight": 400}, "HasClip": true, "Lang": "en", "Page": 0, "Path": "//Document/Sect/Table[3]/TR/TD[3]/P", "Text": "65 ", "TextSize": 10.080001831054688, "attributes": {"LineHeight": 12.125}}, {"Bounds": [487.00999450683594, 394.05320739746094, 517.7280731201172, 403.50823974609375], "ClipBounds": [487.00999450683594, 394.05320739746094, 517.7280731201172, 403.50823974609375], "Page": 0, "Path": "//Document/Sect/Table[3]/TR/TD[4]", "attributes": {"BBox": [481.77999999999884, 377.05699999998615, 541.417999999976, 411.97499999999127], "BlockAlign": "Before", "BorderColor": [0, 0, 0], "BorderStyle": "Solid", "BorderThickness": [0.625, 0.25, 0.25, 0.5], "ColIndex": 3, "Height": 34.875, "InlineAlign": "Start", "RowIndex": 0, "Width": 59.625}}, {"Bounds": [487.00999450683594, 394.05320739746094, 517.7280731201172, 403.50823974609375], "ClipBounds": [487.00999450683594, 394.05320739746094, 517.7280731201172, 403.50823974609375], "Font": {"alt_family_name": "Arial", "embedded": true, "encoding": "WinAnsiEncoding", "family_name": "Arial MT", "font_type": "TrueType", "italic": false, "monospaced": false, "name": "CWMTIJ+ArialMT", "subset": true, "weight": 400}, "HasClip": true, "Lang": "en", "Page": 0, "Path": "//Document/Sect/Table[3]/TR/TD[4]/P", "Text": "$3770 ", "TextSize": 10.080001831054688, "attributes": {"LineHeight": 12.125}}, {"Bounds": [77.447998046875, 360.5731964111328, 179.72975158691406, 370.0282440185547], "ClipBounds": [77.447998046875, 360.5731964111328, 179.72975158691406, 370.0282440185547], "Page": 0, "Path": "//Document/Sect/Table[3]/TR[2]/TD", "attributes": {"BBox": [71.5170999999973, 343.57799999999406, 359.5049999999901, 377.5369999999966], "BlockAlign": "Before", "BorderColor": [0, 0, 0], "BorderStyle": "Solid", "BorderThickness": [0.25, 0.25, 0.5, 0.25], "ColIndex": 0, "Height": 34, "InlineAlign": "Start", "RowIndex": 1, "Width": 288}}, {"Bounds": [77.447998046875, 360.5731964111328, 179.72975158691406, 370.0282440185547], "ClipBounds": [77.447998046875, 360.5731964111328, 179.72975158691406, 370.0282440185547], "Font": {"alt_family_name": "Arial", "embedded": true, "encoding": "WinAnsiEncoding", "family_name": "Arial MT", "font_type": "TrueType", "italic": false, "monospaced": false, "name": "CWMTIJ+ArialMT", "subset": true, "weight": 400}, "HasClip": true, "Lang": "en", "Page": 0, "Path": "//Document/Sect/Table[3]/TR[2]/TD/P", "Text": "Refined Plastic Mouse ", "TextSize": 10.080001831054688, "attributes": {"LineHeight": 12.125}}, {"Bounds": [363.82000732421875, 360.5731964111328, 378.3000030517578, 370.0282440185547], "ClipBounds": [363.82000732421875, 360.5731964111328, 378.3000030517578, 370.0282440185547], "Page": 0, "Path": "//Document/Sect/Table[3]/TR[2]/TD[2]", "attributes": {"BBox": [359.0249999999942, 343.57799999999406, 415.6629999999859, 377.5369999999966], "BlockAlign": "Before", "BorderColor": [0, 0, 0], "BorderStyle": "Solid", "BorderThickness": 0.25, "ColIndex": 1, "Height": 34, "InlineAlign": "Start", "RowIndex": 1, "Width": 56.625}}, {"Bounds": [363.82000732421875, 360.5731964111328, 378.3000030517578, 370.0282440185547], "ClipBounds": [363.82000732421875, 360.5731964111328, 378.3000030517578, 370.0282440185547], "Font": {"alt_family_name": "Arial", "embedded": true, "encoding": "WinAnsiEncoding", "family_name": "Arial MT", "font_type": "TrueType", "italic": false, "monospaced": false, "name": "CWMTIJ+ArialMT", "subset": true, "weight": 400}, "HasClip": true, "Lang": "en", "Page": 0, "Path": "//Document/Sect/Table[3]/TR[2]/TD[2]/P", "Text": "56 ", "TextSize": 10.080001831054688, "attributes": {"LineHeight": 12.125}}, {"Bounds": [420.3800048828125, 360.5731964111328, 434.86000061035156, 370.0282440185547], "ClipBounds": [420.3800048828125, 360.5731964111328, 434.86000061035156, 370.0282440185547], "Page": 0, "Path": "//Document/Sect/Table[3]/TR[2]/TD[3]", "attributes": {"BBox": [415.18299999999, 343.57799999999406, 482.25999999999476, 377.5369999999966], "BlockAlign": "Before", "BorderColor": [0, 0, 0], "BorderStyle": "Solid", "BorderThickness": 0.25, "ColIndex": 2, "Height": 34, "InlineAlign": "Start", "RowIndex": 1, "Width": 67.125}}, {"Bounds": [420.3800048828125, 360.5731964111328, 434.86000061035156, 370.0282440185547], "ClipBounds": [420.3800048828125, 360.5731964111328, 434.86000061035156, 370.0282440185547], "Font": {"alt_family_name": "Arial", "embedded": true, "encoding": "WinAnsiEncoding", "family_name": "Arial MT", "font_type": "TrueType", "italic": false, "monospaced": false, "name": "CWMTIJ+ArialMT", "subset": true, "weight": 400}, "HasClip": true, "Lang": "en", "Page": 0, "Path": "//Document/Sect/Table[3]/TR[2]/TD[3]/P", "Text": "79 ", "TextSize": 10.080001831054688, "attributes": {"LineHeight": 12.125}}, {"Bounds": [487.00999450683594, 360.5731964111328, 517.7280731201172, 370.0282440185547], "ClipBounds": [487.00999450683594, 360.5731964111328, 517.7280731201172, 370.0282440185547], "Page": 0, "Path": "//Document/Sect/Table[3]/TR[2]/TD[4]", "attributes": {"BBox": [481.77999999999884, 343.57799999999406, 541.417999999976, 377.5369999999966], "BlockAlign": "Before", "BorderColor": [0, 0, 0], "BorderStyle": "Solid", "BorderThickness": [0.25, 0.25, 0.25, 0.5], "ColIndex": 3, "Height": 34, "InlineAlign": "Start", "RowIndex": 1, "Width": 59.625}}, {"Bounds": [487.00999450683594, 360.5731964111328, 517.7280731201172, 370.0282440185547], "ClipBounds": [487.00999450683594, 360.5731964111328, 517.7280731201172, 370.0282440185547], "Font": {"alt_family_name": "Arial", "embedded": true, "encoding": "WinAnsiEncoding", "family_name": "Arial MT", "font_type": "TrueType", "italic": false, "monospaced": false, "name": "CWMTIJ+ArialMT", "subset": true, "weight": 400}, "HasClip": true, "Lang": "en", "Page": 0, "Path": "//Document/Sect/Table[3]/TR[2]/TD[4]/P", "Text": "$4424 ", "TextSize": 10.080001831054688, "attributes": {"LineHeight": 12.125}}, {"Bounds": [77.447998046875, 327.0632019042969, 183.74159240722656, 336.5182342529297], "ClipBounds": [77.447998046875, 327.0632019042969, 183.74159240722656, 336.5182342529297], "Page": 0, "Path": "//Document/Sect/Table[3]/TR[3]/TD", "attributes": {"BBox": [71.5170999999973, 310.09999999999127, 359.5049999999901, 344.05799999999], "BlockAlign": "Before", "BorderColor": [0, 0, 0], "BorderStyle": "Solid", "BorderThickness": [0.25, 0.25, 0.5, 0.25], "ColIndex": 0, "Height": 34, "InlineAlign": "Start", "RowIndex": 2, "Width": 288}}, {"Bounds": [77.447998046875, 327.0632019042969, 183.74159240722656, 336.5182342529297], "ClipBounds": [77.447998046875, 327.0632019042969, 183.74159240722656, 336.5182342529297], "Font": {"alt_family_name": "Arial", "embedded": true, "encoding": "WinAnsiEncoding", "family_name": "Arial MT", "font_type": "TrueType", "italic": false, "monospaced": false, "name": "CWMTIJ+ArialMT", "subset": true, "weight": 400}, "HasClip": true, "Lang": "en", "Page": 0, "Path": "//Document/Sect/Table[3]/TR[3]/TD/P", "Text": "Unbranded Rubber Hat ", "TextSize": 10.080001831054688, "attributes": {"LineHeight": 12.125}}, {"Bounds": [363.82000732421875, 327.0632019042969, 378.3000030517578, 336.5182342529297], "ClipBounds": [363.82000732421875, 327.0632019042969, 378.3000030517578, 336.5182342529297], "Page": 0, "Path": "//Document/Sect/Table[3]/TR[3]/TD[2]", "attributes": {"BBox": [359.0249999999942, 310.09999999999127, 415.6629999999859, 344.05799999999], "BlockAlign": "Before", "BorderColor": [0, 0, 0], "BorderStyle": "Solid", "BorderThickness": 0.25, "ColIndex": 1, "Height": 34, "InlineAlign": "Start", "RowIndex": 2, "Width": 56.625}}, {"Bounds": [363.82000732421875, 327.0632019042969, 378.3000030517578, 336.5182342529297], "ClipBounds": [363.82000732421875, 327.0632019042969, 378.3000030517578, 336.5182342529297], "Font": {"alt_family_name": "Arial", "embedded": true, "encoding": "WinAnsiEncoding", "family_name": "Arial MT", "font_type": "TrueType", "italic": false, "monospaced": false, "name": "CWMTIJ+ArialMT", "subset": true, "weight": 400}, "HasClip": true, "Lang": "en", "Page": 0, "Path": "//Document/Sect/Table[3]/TR[3]/TD[2]/P", "Text": "42 ", "TextSize": 10.080001831054688, "attributes": {"LineHeight": 12.125}}, {"Bounds": [420.3800048828125, 327.0632019042969, 434.86000061035156, 336.5182342529297], "ClipBounds": [420.3800048828125, 327.0632019042969, 434.86000061035156, 336.5182342529297], "Page": 0, "Path": "//Document/Sect/Table[3]/TR[3]/TD[3]", "attributes": {"BBox": [415.18299999999, 310.09999999999127, 482.25999999999476, 344.05799999999], "BlockAlign": "Before", "BorderColor": [0, 0, 0], "BorderStyle": "Solid", "BorderThickness": 0.25, "ColIndex": 2, "Height": 34, "InlineAlign": "Start", "RowIndex": 2, "Width": 67.125}}, {"Bounds": [420.3800048828125, 327.0632019042969, 434.86000061035156, 336.5182342529297], "ClipBounds": [420.3800048828125, 327.0632019042969, 434.86000061035156, 336.5182342529297], "Font": {"alt_family_name": "Arial", "embedded": true, "encoding": "WinAnsiEncoding", "family_name": "Arial MT", "font_type": "TrueType", "italic": false, "monospaced": false, "name": "CWMTIJ+ArialMT", "subset": true, "weight": 400}, "HasClip": true, "Lang": "en", "Page": 0, "Path": "//Document/Sect/Table[3]/TR[3]/TD[3]/P", "Text": "42 ", "TextSize": 10.080001831054688, "attributes": {"LineHeight": 12.125}}, {"Bounds": [487.00999450683594, 327.0632019042969, 517.7280731201172, 336.5182342529297], "ClipBounds": [487.00999450683594, 327.0632019042969, 517.7280731201172, 336.5182342529297], "Page": 0, "Path": "//Document/Sect/Table[3]/TR[3]/TD[4]", "attributes": {"BBox": [481.77999999999884, 310.09999999999127, 541.417999999976, 344.05799999999], "BlockAlign": "Before", "BorderColor": [0, 0, 0], "BorderStyle": "Solid", "BorderThickness": [0.25, 0.25, 0.25, 0.5], "ColIndex": 3, "Height": 34, "InlineAlign": "Start", "RowIndex": 2, "Width": 59.625}}, {"Bounds": [487.00999450683594, 327.0632019042969, 517.7280731201172, 336.5182342529297], "ClipBounds": [487.00999450683594, 327.0632019042969, 517.7280731201172, 336.5182342529297], "Font": {"alt_family_name": "Arial", "embedded": true, "encoding": "WinAnsiEncoding", "family_name": "Arial MT", "font_type": "TrueType", "italic": false, "monospaced": false, "name": "CWMTIJ+ArialMT", "subset": true, "weight": 400}, "HasClip": true, "Lang": "en", "Page": 0, "Path": "//Document/Sect/Table[3]/TR[3]/TD[4]/P", "Text": "$1764 ", "TextSize": 10.080001831054688, "attributes": {"LineHeight": 12.125}}, {"Bounds": [77.447998046875, 293.5632019042969, 187.02767944335938, 303.0182342529297], "ClipBounds": [77.447998046875, 293.5632019042969, 187.02767944335938, 303.0182342529297], "Page": 0, "Path": "//Document/Sect/Table[3]/TR[4]/TD", "attributes": {"BBox": [71.5170999999973, 276.2609999999986, 359.5049999999901, 310.5799999999872], "BlockAlign": "Before", "BorderColor": [0, 0, 0], "BorderStyle": "Solid", "BorderThickness": [0.25, 0.25, 0.5, 0.25], "ColIndex": 0, "Height": 34.375, "InlineAlign": "Start", "RowIndex": 3, "Width": 288}}, {"Bounds": [77.447998046875, 293.5632019042969, 187.02767944335938, 303.0182342529297], "ClipBounds": [77.447998046875, 293.5632019042969, 187.02767944335938, 303.0182342529297], "Font": {"alt_family_name": "Arial", "embedded": true, "encoding": "WinAnsiEncoding", "family_name": "Arial MT", "font_type": "TrueType", "italic": false, "monospaced": false, "name": "CWMTIJ+ArialMT", "subset": true, "weight": 400}, "HasClip": true, "Lang": "en", "Page": 0, "Path": "//Document/Sect/Table[3]/TR[4]/TD/P", "Text": "Fantastic Cotton Gloves ", "TextSize": 10.080001831054688, "attributes": {"LineHeight": 12.125}}, {"Bounds": [363.82000732421875, 293.5632019042969, 378.3000030517578, 303.0182342529297], "ClipBounds": [363.82000732421875, 293.5632019042969, 378.3000030517578, 303.0182342529297], "Page": 0, "Path": "//Document/Sect/Table[3]/TR[4]/TD[2]", "attributes": {"BBox": [359.0249999999942, 276.2609999999986, 415.6629999999859, 310.5799999999872], "BlockAlign": "Before", "BorderColor": [0, 0, 0], "BorderStyle": "Solid", "BorderThickness": 0.25, "ColIndex": 1, "Height": 34.375, "InlineAlign": "Start", "RowIndex": 3, "Width": 56.625}}, {"Bounds": [363.82000732421875, 293.5632019042969, 378.3000030517578, 303.0182342529297], "ClipBounds": [363.82000732421875, 293.5632019042969, 378.3000030517578, 303.0182342529297], "Font": {"alt_family_name": "Arial", "embedded": true, "encoding": "WinAnsiEncoding", "family_name": "Arial MT", "font_type": "TrueType", "italic": false, "monospaced": false, "name": "CWMTIJ+ArialMT", "subset": true, "weight": 400}, "HasClip": true, "Lang": "en", "Page": 0, "Path": "//Document/Sect/Table[3]/TR[4]/TD[2]/P", "Text": "22 ", "TextSize": 10.080001831054688, "attributes": {"LineHeight": 12.125}}, {"Bounds": [420.3800048828125, 293.5632019042969, 434.86000061035156, 303.0182342529297], "ClipBounds": [420.3800048828125, 293.5632019042969, 434.86000061035156, 303.0182342529297], "Page": 0, "Path": "//Document/Sect/Table[3]/TR[4]/TD[3]", "attributes": {"BBox": [415.18299999999, 276.2609999999986, 482.25999999999476, 310.5799999999872], "BlockAlign": "Before", "BorderColor": [0, 0, 0], "BorderStyle": "Solid", "BorderThickness": 0.25, "ColIndex": 2, "Height": 34.375, "InlineAlign": "Start", "RowIndex": 3, "Width": 67.125}}, {"Bounds": [420.3800048828125, 293.5632019042969, 434.86000061035156, 303.0182342529297], "ClipBounds": [420.3800048828125, 293.5632019042969, 434.86000061035156, 303.0182342529297], "Font": {"alt_family_name": "Arial", "embedded": true, "encoding": "WinAnsiEncoding", "family_name": "Arial MT", "font_type": "TrueType", "italic": false, "monospaced": false, "name": "CWMTIJ+ArialMT", "subset": true, "weight": 400}, "HasClip": true, "Lang": "en", "Page": 0, "Path": "//Document/Sect/Table[3]/TR[4]/TD[3]/P", "Text": "19 ", "TextSize": 10.080001831054688, "attributes": {"LineHeight": 12.125}}, {"Bounds": [487.00999450683594, 293.5632019042969, 512.3251953125, 303.0182342529297], "ClipBounds": [487.00999450683594, 293.5632019042969, 512.3251953125, 303.0182342529297], "Page": 0, "Path": "//Document/Sect/Table[3]/TR[4]/TD[4]", "attributes": {"BBox": [481.77999999999884, 276.2609999999986, 541.417999999976, 310.5799999999872], "BlockAlign": "Before", "BorderColor": [0, 0, 0], "BorderStyle": "Solid", "BorderThickness": [0.25, 0.25, 0.25, 0.5], "ColIndex": 3, "Height": 34.375, "InlineAlign": "Start", "RowIndex": 3, "Width": 59.625}}, {"Bounds": [487.00999450683594, 293.5632019042969, 512.3251953125, 303.0182342529297], "ClipBounds": [487.00999450683594, 293.5632019042969, 512.3251953125, 303.0182342529297], "Font": {"alt_family_name": "Arial", "embedded": true, "encoding": "WinAnsiEncoding", "family_name": "Arial MT", "font_type": "TrueType", "italic": false, "monospaced": false, "name": "CWMTIJ+ArialMT", "subset": true, "weight": 400}, "HasClip": true, "Lang": "en", "Page": 0, "Path": "//Document/Sect/Table[3]/TR[4]/TD[4]/P", "Text": "$418 ", "TextSize": 10.080001831054688, "attributes": {"LineHeight": 12.125}}, {"Bounds": [77.447998046875, 260.0832061767578, 190.64639282226562, 269.5382385253906], "ClipBounds": [77.447998046875, 260.0832061767578, 190.64639282226562, 269.5382385253906], "Page": 0, "Path": "//Document/Sect/Table[3]/TR[5]/TD", "attributes": {"BBox": [71.5170999999973, 242.78199999999924, 359.5049999999901, 276.74099999999453], "BlockAlign": "Before", "BorderColor": [0, 0, 0], "BorderStyle": "Solid", "BorderThickness": [0.25, 0.25, 0.5, 0.25], "ColIndex": 0, "Height": 34, "InlineAlign": "Start", "RowIndex": 4, "Width": 288}}, {"Bounds": [77.447998046875, 260.0832061767578, 190.64639282226562, 269.5382385253906], "ClipBounds": [77.447998046875, 260.0832061767578, 190.64639282226562, 269.5382385253906], "Font": {"alt_family_name": "Arial", "embedded": true, "encoding": "WinAnsiEncoding", "family_name": "Arial MT", "font_type": "TrueType", "italic": false, "monospaced": false, "name": "CWMTIJ+ArialMT", "subset": true, "weight": 400}, "HasClip": true, "Lang": "en", "Page": 0, "Path": "//Document/Sect/Table[3]/TR[5]/TD/P", "Text": "Unbranded Cotton Chips ", "TextSize": 10.080001831054688, "attributes": {"LineHeight": 12.125}}, {"Bounds": [363.82000732421875, 260.0832061767578, 378.3000030517578, 269.5382385253906], "ClipBounds": [363.82000732421875, 260.0832061767578, 378.3000030517578, 269.5382385253906], "Page": 0, "Path": "//Document/Sect/Table[3]/TR[5]/TD[2]", "attributes": {"BBox": [359.0249999999942, 242.78199999999924, 415.6629999999859, 276.74099999999453], "BlockAlign": "Before", "BorderColor": [0, 0, 0], "BorderStyle": "Solid", "BorderThickness": 0.25, "ColIndex": 1, "Height": 34, "InlineAlign": "Start", "RowIndex": 4, "Width": 56.625}}, {"Bounds": [363.82000732421875, 260.0832061767578, 378.3000030517578, 269.5382385253906], "ClipBounds": [363.82000732421875, 260.0832061767578, 378.3000030517578, 269.5382385253906], "Font": {"alt_family_name": "Arial", "embedded": true, "encoding": "WinAnsiEncoding", "family_name": "Arial MT", "font_type": "TrueType", "italic": false, "monospaced": false, "name": "CWMTIJ+ArialMT", "subset": true, "weight": 400}, "HasClip": true, "Lang": "en", "Page": 0, "Path": "//Document/Sect/Table[3]/TR[5]/TD[2]/P", "Text": "80 ", "TextSize": 10.080001831054688, "attributes": {"LineHeight": 12.125}}, {"Bounds": [420.3800048828125, 260.0832061767578, 434.86000061035156, 269.5382385253906], "ClipBounds": [420.3800048828125, 260.0832061767578, 434.86000061035156, 269.5382385253906], "Page": 0, "Path": "//Document/Sect/Table[3]/TR[5]/TD[3]", "attributes": {"BBox": [415.18299999999, 242.78199999999924, 482.25999999999476, 276.74099999999453], "BlockAlign": "Before", "BorderColor": [0, 0, 0], "BorderStyle": "Solid", "BorderThickness": 0.25, "ColIndex": 2, "Height": 34, "InlineAlign": "Start", "RowIndex": 4, "Width": 67.125}}, {"Bounds": [420.3800048828125, 260.0832061767578, 434.86000061035156, 269.5382385253906], "ClipBounds": [420.3800048828125, 260.0832061767578, 434.86000061035156, 269.5382385253906], "Font": {"alt_family_name": "Arial", "embedded": true, "encoding": "WinAnsiEncoding", "family_name": "Arial MT", "font_type": "TrueType", "italic": false, "monospaced": false, "name": "CWMTIJ+ArialMT", "subset": true, "weight": 400}, "HasClip": true, "Lang": "en", "Page": 0, "Path": "//Document/Sect/Table[3]/TR[5]/TD[3]/P", "Text": "76 ", "TextSize": 10.080001831054688, "attributes": {"LineHeight": 12.125}}, {"Bounds": [487.00999450683594, 260.0832061767578, 517.7280731201172, 269.5382385253906], "ClipBounds": [487.00999450683594, 260.0832061767578, 517.7280731201172, 269.5382385253906], "Page": 0, "Path": "//Document/Sect/Table[3]/TR[5]/TD[4]", "attributes": {"BBox": [481.77999999999884, 242.78199999999924, 541.417999999976, 276.74099999999453], "BlockAlign": "Before", "BorderColor": [0, 0, 0], "BorderStyle": "Solid", "BorderThickness": [0.25, 0.25, 0.25, 0.5], "ColIndex": 3, "Height": 34, "InlineAlign": "Start", "RowIndex": 4, "Width": 59.625}}, {"Bounds": [487.00999450683594, 260.0832061767578, 517.7280731201172, 269.5382385253906], "ClipBounds": [487.00999450683594, 260.0832061767578, 517.7280731201172, 269.5382385253906], "Font": {"alt_family_name": "Arial", "embedded": true, "encoding": "WinAnsiEncoding", "family_name": "Arial MT", "font_type": "TrueType", "italic": false, "monospaced": false, "name": "CWMTIJ+ArialMT", "subset": true, "weight": 400}, "HasClip": true, "Lang": "en", "Page": 0, "Path": "//Document/Sect/Table[3]/TR[5]/TD[4]/P", "Text": "$6080 ", "TextSize": 10.080001831054688, "attributes": {"LineHeight": 12.125}}, {"Bounds": [77.447998046875, 226.5832061767578, 190.62623596191406, 236.03823852539062], "ClipBounds": [77.447998046875, 226.5832061767578, 190.62623596191406, 236.03823852539062], "Page": 0, "Path": "//Document/Sect/Table[3]/TR[6]/TD", "attributes": {"BBox": [71.5170999999973, 208.82399999999325, 359.5049999999901, 243.26199999999517], "BlockAlign": "Before", "BorderColor": [0, 0, 0], "BorderStyle": "Solid", "BorderThickness": [0.25, 0.625, 0.5, 0.25], "ColIndex": 0, "Height": 34.5, "InlineAlign": "Start", "RowIndex": 5, "Width": 288}}, {"Bounds": [77.447998046875, 226.5832061767578, 190.62623596191406, 236.03823852539062], "ClipBounds": [77.447998046875, 226.5832061767578, 190.62623596191406, 236.03823852539062], "Font": {"alt_family_name": "Arial", "embedded": true, "encoding": "WinAnsiEncoding", "family_name": "Arial MT", "font_type": "TrueType", "italic": false, "monospaced": false, "name": "CWMTIJ+ArialMT", "subset": true, "weight": 400}, "HasClip": true, "Lang": "en", "Page": 0, "Path": "//Document/Sect/Table[3]/TR[6]/TD/P", "Text": "Incredible Plastic Towels ", "TextSize": 10.080001831054688, "attributes": {"LineHeight": 12.125}}, {"Bounds": [363.82000732421875, 226.5832061767578, 383.3751983642578, 236.03823852539062], "ClipBounds": [363.82000732421875, 226.5832061767578, 383.3751983642578, 236.03823852539062], "Page": 0, "Path": "//Document/Sect/Table[3]/TR[6]/TD[2]", "attributes": {"BBox": [359.0249999999942, 208.82399999999325, 415.6629999999859, 243.26199999999517], "BlockAlign": "Before", "BorderColor": [0, 0, 0], "BorderStyle": "Solid", "BorderThickness": [0.25, 0.625, 0.25, 0.25], "ColIndex": 1, "Height": 34.5, "InlineAlign": "Start", "RowIndex": 5, "Width": 56.625}}, {"Bounds": [363.82000732421875, 226.5832061767578, 383.3751983642578, 236.03823852539062], "ClipBounds": [363.82000732421875, 226.5832061767578, 383.3751983642578, 236.03823852539062], "Font": {"alt_family_name": "Arial", "embedded": true, "encoding": "WinAnsiEncoding", "family_name": "Arial MT", "font_type": "TrueType", "italic": false, "monospaced": false, "name": "CWMTIJ+ArialMT", "subset": true, "weight": 400}, "HasClip": true, "Lang": "en", "Page": 0, "Path": "//Document/Sect/Table[3]/TR[6]/TD[2]/P", "Text": "125 ", "TextSize": 10.080001831054688, "attributes": {"LineHeight": 12.125}}, {"Bounds": [420.3800048828125, 226.5832061767578, 434.86000061035156, 236.03823852539062], "ClipBounds": [420.3800048828125, 226.5832061767578, 434.86000061035156, 236.03823852539062], "Page": 0, "Path": "//Document/Sect/Table[3]/TR[6]/TD[3]", "attributes": {"BBox": [415.18299999999, 208.82399999999325, 482.25999999999476, 243.26199999999517], "BlockAlign": "Before", "BorderColor": [0, 0, 0], "BorderStyle": "Solid", "BorderThickness": [0.25, 0.625, 0.25, 0.25], "ColIndex": 2, "Height": 34.5, "InlineAlign": "Start", "RowIndex": 5, "Width": 67.125}}, {"Bounds": [420.3800048828125, 226.5832061767578, 434.86000061035156, 236.03823852539062], "ClipBounds": [420.3800048828125, 226.5832061767578, 434.86000061035156, 236.03823852539062], "Font": {"alt_family_name": "Arial", "embedded": true, "encoding": "WinAnsiEncoding", "family_name": "Arial MT", "font_type": "TrueType", "italic": false, "monospaced": false, "name": "CWMTIJ+ArialMT", "subset": true, "weight": 400}, "HasClip": true, "Lang": "en", "Page": 0, "Path": "//Document/Sect/Table[3]/TR[6]/TD[3]/P", "Text": "76 ", "TextSize": 10.080001831054688, "attributes": {"LineHeight": 12.125}}, {"Bounds": [487.00999450683594, 226.5832061767578, 517.7280731201172, 236.03823852539062], "ClipBounds": [487.00999450683594, 226.5832061767578, 517.7280731201172, 236.03823852539062], "Page": 0, "Path": "//Document/Sect/Table[3]/TR[6]/TD[4]", "attributes": {"BBox": [481.77999999999884, 208.82399999999325, 541.417999999976, 243.26199999999517], "BlockAlign": "Before", "BorderColor": [0, 0, 0], "BorderStyle": "Solid", "BorderThickness": [0.25, 0.625, 0.25, 0.5], "ColIndex": 3, "Height": 34.5, "InlineAlign": "Start", "RowIndex": 5, "Width": 59.625}}, {"Bounds": [487.00999450683594, 226.5832061767578, 517.7280731201172, 236.03823852539062], "ClipBounds": [487.00999450683594, 226.5832061767578, 517.7280731201172, 236.03823852539062], "Font": {"alt_family_name": "Arial", "embedded": true, "encoding": "WinAnsiEncoding", "family_name": "Arial MT", "font_type": "TrueType", "italic": false, "monospaced": false, "name": "CWMTIJ+ArialMT", "subset": true, "weight": 400}, "HasClip": true, "Lang": "en", "Page": 0, "Path": "//Document/Sect/Table[3]/TR[6]/TD[4]/P", "Text": "$9500 ", "TextSize": 10.080001831054688, "attributes": {"LineHeight": 12.125}}, {"Bounds": [77.447998046875, 113.13319396972656, 522.3792724609375, 156.0682373046875], "ClipBounds": [77.447998046875, 113.13319396972656, 522.3792724609375, 156.0682373046875], "Page": 0, "Path": "//Document/Sect/Figure", "attributes": {"BBox": [77.39689999999973, 115.22799999999916, 519.5789999999979, 154.34599999999773], "Placement": "Block", "Suspicion": "{ \"suspicious\" : true, \"reason\" : \"complexTable\" }", "SuspicionFBName": "region-complexTable", "Suspicious": true}}, {"Bounds": [77.447998046875, 650.8531951904297, 126.14447021484375, 660.3082427978516], "ClipBounds": [77.447998046875, 650.8531951904297, 126.14447021484375, 660.3082427978516], "Font": {"alt_family_name": "Arial", "embedded": true, "encoding": "WinAnsiEncoding", "family_name": "Arial", "font_type": "TrueType", "italic": false, "monospaced": false, "name": "SUOLYD+Arial-BoldMT", "subset": true, "weight": 700}, "HasClip": true, "Lang": "en", "Page": 1, "Path": "//Document/Sect/P[5]", "Text": "Total Due ", "TextSize": 10.080001831054688, "attributes": {"LineHeight": 12.125, "SpaceAfter": 9}}, {"Bounds": [485.92999267578125, 648.9199981689453, 526.1329956054688, 657.3619995117188], "ClipBounds": [485.92999267578125, 648.9199981689453, 526.1329956054688, 657.3619995117188], "Font": {"alt_family_name": "Arial", "embedded": true, "encoding": "WinAnsiEncoding", "family_name": "Arial MT", "font_type": "TrueType", "italic": false, "monospaced": false, "name": "CWMTIJ+ArialMT", "subset": true, "weight": 400}, "HasClip": true, "Lang": "en", "Page": 1, "Path": "//Document/Sect/P[6]", "Text": "$28551.6 ", "TextSize": 9.0, "attributes": {"LineHeight": 10.75, "TextAlign": "End"}}], "pages": [{"boxes": {"CropBox": [0.0, 0.0, 612.0, 792.0], "MediaBox": [0.0, 0.0, 612.0, 792.0]}, "height": 792.0, "is_scanned": false, "page_number": 0, "rotation": 0, "width": 612.0}, {"boxes": {"CropBox": [0.0, 0.0, 612.0, 792.0], "MediaBox": [0.0, 0.0, 612.0, 792.0]}, "height": 792.0, "is_scanned": false, "page_number": 1, "rotation": 0, "width": 612.0}]}